term,rel_poisson,rel_nb2,rel_ratio_nb_over_pois,se_poisson,se_quasi,se_nb2,z_poisson,z_quasi,z_nb2,p_poisson,p_quasi,p_nb2,sig_poisson_5pct,sig_quasi_5pct,sig_nb2_5pct
Intercept,0.199177223861754,0.21033013200867726,1.0559948970604407,0.12155390614997871,0.18483816748297743,0.12614909350141085,-13.274442011112761,-8.729583832087792,-12.359002210756534,0.0,0.0,0.0,True,True,True
C(Area)[T.B],1.0238913486883812,1.0252661406116501,1.0013427127058259,0.028459751049339226,0.04327666956659564,0.029280235113504333,0.8296072636183282,0.5455691583422017,0.8521867453522359,0.4067608686611204,0.5853621295007014,0.394110452088722,False,False,False
C(Area)[T.C],1.0180280437812657,1.02071561472406,1.0026399773161572,0.03700177997156125,0.056265910493349586,0.038101475463216954,0.4828812473712106,0.3175540129175451,0.538140954263865,0.6291800575973254,0.7508232620932151,0.590479740301044,False,False,False
C(Area)[T.D],1.0664672336324386,1.0716667076355615,1.0048754184274495,0.056001344018589354,0.08515716304672344,0.057704017355327125,1.1491069779653504,0.755679650247287,1.1994850692006838,0.25051187140798903,0.44984128783499355,0.2303393869953081,False,False,False
C(Area)[T.E],1.073377993228416,1.0818173985719004,1.0078624728629857,0.07460878170470933,0.11345213761720302,0.07688340478906693,0.9490930826448141,0.6241458301950883,1.0228787802184665,0.3425732722610595,0.532531818079452,0.3063651636268645,False,False,False
C(Area)[T.F],1.055508853614113,1.0650248802352036,1.0090155819996274,0.10279060565799122,0.15630618370129437,0.10599288391834177,0.5255633625382689,0.34562277107474226,0.594362171145736,0.5991916180877346,0.7296262306121639,0.5522699042283543,False,False,False
C(VehPowerBand)[T.5],1.1854177034066806,1.186226158426862,1.0006820001235497,0.020391877556466265,0.031008442249678705,0.021036664933520525,8.341321407583939,5.485448234805958,8.11806305844661,0.0,4.124223162982332e-08,4.440892098500626e-16,True,True,True
C(VehPowerBand)[T.6],1.2283705779399567,1.2325476835624902,1.0034005256211351,0.02029022604339702,0.030853868201071756,0.020907421748621206,10.13732214354226,6.666540364623117,10.000435117685054,0.0,2.6190383195512368e-11,0.0,True,True,True
C(VehPowerBand)[T.7],1.1231867460730316,1.1251524056199456,1.0017500736665443,0.02007499006282132,0.03052657452959626,0.020664286365667875,5.786800078485652,3.8055352053504556,5.706391019581151,7.173987404129889e-09,0.00014149788495587678,1.1539673216987012e-08,True,True,True
C(VehPowerBand)[T.8-9],1.0817417900344084,1.0785387531836421,0.9970390005449782,0.02417569316690804,0.03676221492288756,0.024885938182512356,3.2500623675788574,2.1373170995467734,3.038146206532073,0.0011537970168009615,0.032572208988215445,0.0023803843331398067,True,True,True
C(VehPowerBand)[T.10-15],1.1804652925860397,1.18185967480819,1.0011812140779637,0.025351978255670312,0.03855090594180146,0.02610491712819096,6.544210271611515,4.303625879944149,6.400678947932236,5.981060091642121e-11,1.6802530751869327e-05,1.5468759606562799e-10,True,True,True
C(VehAgeBand)[T.1],0.2851335536303585,0.2711135210010017,0.9508299445966572,0.025893784710242874,0.03937479153598447,0.026708423330453923,-48.45941268488304,-31.868044256194203,-48.86913888489393,0.0,0.0,0.0,True,True,True
C(VehAgeBand)[T.2-4],0.3048553568986992,0.2895587889993596,0.9498235226864573,0.020780653216580208,0.03159962506603988,0.021544053335427988,-57.164606047634784,-37.59278320725956,-57.52849347701539,0.0,0.0,0.0,True,True,True
C(VehAgeBand)[T.5-10],0.32408381036792777,0.3085239284271135,0.9519880924531547,0.02058891013584727,0.0313080553354342,0.02137380388783363,-54.726214997814814,-35.98924016816261,-55.01855827968915,0.0,0.0,0.0,True,True,True
C(VehAgeBand)[T.11+],0.2553240522231867,0.24262539757227333,0.9502645577635863,0.022283969952482663,0.03388560928005478,0.023085691850722484,-61.26474548640956,-40.28913088982656,-61.34694199434811,0.0,0.0,0.0,True,True,True
C(DrivAgeBand)[T.21-25],0.6482019455941656,0.6430071620850695,0.9919858563455338,0.05034947107057589,0.07656277170508735,0.05299003328777657,-8.61087470288897,-5.662712792262375,-8.33363160695409,0.0,1.4899843137072821e-08,0.0,True,True,True
C(DrivAgeBand)[T.26-30],0.5296240907522932,0.5227016832012206,0.9869295833177832,0.049808993509340996,0.07574090686216683,0.05235302984929929,-12.760502512344537,-8.391605185952422,-12.39172546327804,0.0,0.0,0.0,True,True,True
C(DrivAgeBand)[T.31-40],0.606551924661958,0.598940125456623,0.9874507047198356,0.048168678948504184,0.07324660003876761,0.05072498817367803,-10.379461333677298,-6.82577676473305,-10.105347715590566,0.0,8.745004720367433e-12,0.0,True,True,True
C(DrivAgeBand)[T.41-50],0.8503165711141896,0.844171289375987,0.9927729483971477,0.048432227197780384,0.07364735865675438,0.05103076682122063,-3.3479063758103216,-2.2016616099683044,-3.3195631975019664,0.0008142451375039439,0.027689220420275662,0.0009015839528636604,True,True,True
C(DrivAgeBand)[T.51-60],0.8092212537123562,0.801827911693732,0.9908636334195293,0.04903142623116732,0.07455851696335918,0.051633548477479564,-4.317290464763623,-2.839151280940962,-4.277476071283411,1.579562370435106e-05,0.004523370621743572,1.8902426944800155e-05,True,True,True
C(DrivAgeBand)[T.61-70],0.7959876251437589,0.7862000894983399,0.9877039097892365,0.05093726665696699,0.07745658962081159,0.053569143923027855,-4.479463750911752,-2.9458002305216744,-4.490345272334553,7.483079632386591e-06,0.0032212036711984915,7.110781361729934e-06,True,True,True
C(DrivAgeBand)[T.71+],0.8534391705933154,0.8431629029692073,0.9879589923005713,0.05232548982862101,0.07956755943850988,0.055001260809606274,-3.0287534879750413,-1.991779199296834,-3.1016579471384245,0.002455649682062244,0.04639528947218707,0.0019244017945039271,True,True,True
C(BonusMalusBand)[T.51-60],1.3397366105792328,1.3409692844675463,1.0009200867383778,0.01951542754782988,0.029675688588213442,0.020051029961462317,14.986760328794789,9.855644444572382,14.632300667607236,0.0,0.0,0.0,True,True,True
C(BonusMalusBand)[T.61-80],1.9610817718748128,1.9657670294788985,1.0023891189400054,0.017432480867823227,0.026508303355671912,0.018054779058396878,38.63456099683549,25.406991778294174,37.43510306943226,0.0,0.0,0.0,True,True,True
C(BonusMalusBand)[T.81-100],2.5702975114239357,2.6021332536057624,1.0123860144751065,0.021307858102222892,0.03240130711836349,0.022150632154832966,44.3039206887049,29.13529543602997,43.1740089441807,0.0,0.0,0.0,True,True,True
C(BonusMalusBand)[T.101-150],5.641778494388192,5.686583334038446,1.0079416162287869,0.03354383948382702,0.05100767237281264,0.03650549140025694,51.580241806269505,33.92037454758852,47.61227784042459,0.0,0.0,0.0,True,True,True
C(VehBrand)[T.B10],1.0491674527721302,1.0494838998570541,1.0003016173291381,0.040823285023317044,0.06207699475354558,0.042031411060494066,1.1757247734249299,0.7731841356859399,1.14910535163244,0.23970487570303223,0.4394134135528587,0.2505125419384753,False,False,False
C(VehBrand)[T.B11],1.0927702608004244,1.0939980409413101,1.0011235482744438,0.044464883845773795,0.06761450872056335,0.0458710167269425,1.9951923412051547,1.312085192666405,1.9585114889192146,0.0460219060401299,0.18949139149916938,0.05017002425718298,True,False,False
C(VehBrand)[T.B12],1.158319296668121,1.1618837380078262,1.003077252835171,0.020391382252115117,0.031007689076444602,0.021025475112192507,7.207460017852487,4.739794440293013,7.13622875458798,5.699885008425554e-13,2.1393514524348234e-06,9.592326932761353e-13,True,True,True
C(VehBrand)[T.B13],1.0637564338437877,1.0608380845652832,0.9972565625121915,0.04555628349980568,0.06927412064446074,0.04705157196690182,1.3567052534959358,0.8922011362821783,1.2552023041031295,0.17487488256144879,0.37228513325985446,0.2094053293305036,False,False,False
C(VehBrand)[T.B14],0.9171435844429274,0.9141728205746489,0.9967608519334702,0.08562462743583253,0.13020313149891094,0.0878893826856042,-1.0101210473852005,-0.6642792485230985,-1.021006645718957,0.31243729951961785,0.5065116000684591,0.30725129011364993,False,False,False
C(VehBrand)[T.B2],0.9846561467071044,0.9846157884728474,0.9999590128651591,0.017180841430994794,0.02612565360098261,0.01770260462564685,-0.9000018104807072,-0.5918622603530075,-0.8757906927352637,0.3681192872098811,0.5539428273635483,0.3811438307203876,False,False,False
C(VehBrand)[T.B3],0.9925764347485385,0.9907163544852287,0.9981260080350577,0.024536611076048785,0.03731103648733035,0.025314433762768124,-0.30367914386785294,-0.19970651438544693,-0.36844620808414463,0.7613723488443764,0.8417101186657454,0.7125405479202136,False,False,False
C(VehBrand)[T.B4],0.9903997514393222,0.9918535729770176,1.0014679138757685,0.033325927488669006,0.050676309480962266,0.034333263425826634,-0.28946315222904156,-0.1903577454757351,-0.23824680971917903,0.7722269737438294,0.849028806436428,0.811689673250594,False,False,False
C(VehBrand)[T.B5],1.0517144086810037,1.0540117758374419,1.002184402093834,0.028041967349734576,0.04264137633838871,0.02894813242431182,1.798076511285017,1.1824572082675975,1.8171680924698221,0.07216488390337039,0.2370243351591692,0.06919137902139738,False,False,False
C(VehBrand)[T.B6],0.9850174442472637,0.9865090064821975,1.0015142495634417,0.03185502016046078,0.04843960789156346,0.032800401693501804,-0.4738947894280334,-0.3116443077937574,-0.4141054111002733,0.6355749350745425,0.7553108572393041,0.6787969101283367,False,False,False
C(VehGas)[T.Regular],1.0800130082437724,1.0821716846009029,1.001998750330462,0.012662806687347823,0.01925540739425241,0.013060600309097623,6.078674944209647,3.9974789500806636,6.046417419684079,1.2117973291481121e-09,6.402068210631384e-05,1.4810208615045894e-09,True,True,True
C(Region)[T.Aquitaine],0.9320720412836239,0.9342585422158496,1.0023458497148081,0.10234254864014163,0.15562485604404064,0.1059803111565631,-0.6873501852741192,-0.4520175732681144,-0.6416481186196978,0.49186208096829453,0.6512563226413093,0.5211016824293835,False,False,False
C(Region)[T.Auvergne],0.7445934688490522,0.746815334182223,1.002983997880891,0.1272965704728731,0.19357061865245273,0.1312135337587299,-2.3167701049719622,-1.5235622585187834,-2.2249026146771067,0.02051625835315618,0.1276180971690506,0.026087776465428147,True,False,True
C(Region)[T.Basse-Normandie],1.0415773929642176,1.0481271200683615,1.0062882769426322,0.10743558541082589,0.16336946593304882,0.11124875645161744,0.3791694152122924,0.2493506841107473,0.422520465102608,0.70456206192156,0.8030895288611788,0.6726451662379578,False,False,False
C(Region)[T.Bourgogne],1.0537008282103646,1.0610903831911696,1.0070129535661043,0.10932780170759304,0.16624682137026797,0.11318846913933792,0.47845620974794845,0.3146440045827262,0.5238788301592731,0.632325534721772,0.7530319640287562,0.6003628199480433,False,False,False
C(Region)[T.Bretagne],1.1336116499732236,1.1412081426589433,1.0067011420409264,0.1002020195772459,0.1523699094778519,0.10382557705157672,1.2515584699854894,0.8230541498732268,1.2722055514193014,0.21073079549817963,0.41047720073043825,0.20330009570920282,False,False,False
C(Region)[T.Centre],1.1009949646201453,1.1095072027541089,1.0077314051448913,0.09876750135179,0.15018854214534474,0.10233789343707135,0.9741492186486544,0.6406233318159178,1.0154201124462239,0.3299824544044965,0.521767436930828,0.30990560979520065,False,False,False
C(Region)[T.Champagne-Ardenne],1.20372633793394,1.220779184750639,1.0141667140439647,0.13105993518351355,0.1992932931325851,0.13548809943988102,1.414788025928617,0.9303977271992729,1.4723752988509737,0.15713065593287534,0.3521651949065645,0.14091955967962,False,False,False
C(Region)[T.Corse],1.1636285870022343,1.1744119122076808,1.0092669820300881,0.12109816761519271,0.1841451591026685,0.12532350723542426,1.2514079943923293,0.8229551936004078,1.282820163604869,0.21078566207746774,0.41053347392851025,0.19955508819342738,False,False,False
C(Region)[T.Franche-Comte],0.8935277667699052,0.9011138757472006,1.0084900651769548,0.1797606968219557,0.2733489925452239,0.1849557139417571,-0.6262651983917163,-0.4118466558445792,-0.5629652578141343,0.531141009083087,0.680451822001644,0.5734585416395581,False,False,False
C(Region)[T.Haute-Normandie],0.904278947038886,0.9128307085245297,1.0094569950054095,0.11770749570036443,0.17898921139910745,0.12150571172249257,-0.8548087431123298,-0.5621422412447716,-0.7506218233700228,0.39265703717424216,0.5740191102256114,0.4528802835078052,False,False,False
C(Region)[T.Ile-de-France],0.9680878109659395,0.9781695254463393,1.01041404959984,0.10005550803983297,0.152147120059163,0.10366807421284924,-0.324144893643519,-0.21316527055792064,-0.21291304226666363,0.7458283399588219,0.8311980557851857,0.8313947893595182,False,False,False
C(Region)[T.Languedoc-Roussillon],0.960175181534636,0.9686357885549387,1.0088115243791036,0.10195967364705187,0.15504264594204317,0.10557488332975513,-0.39858435152782606,-0.2621184007514326,-0.30183884599251226,0.6901994938238742,0.7932301608655996,0.762774916311225,False,False,False
C(Region)[T.Limousin],1.207338444658734,1.2162660635352673,1.0073944625187983,0.12041916747513953,0.18311265306824076,0.12458742445824422,1.5646869871367508,1.0289747933474256,1.5714712998603613,0.11765632115966618,0.303491519902634,0.11607321579362218,False,False,False
C(Region)[T.Midi-Pyrenees],0.9064368624206451,0.9114188330791435,1.0054962136526464,0.10666879873007892,0.16220346930316884,0.11035616361145055,-0.920924414840401,-0.6056214547952787,-0.8404853288636458,0.35708989078824316,0.54476615208997,0.4006363241057511,False,False,False
C(Region)[T.Nord-Pas-de-Calais],0.9161708625411148,0.9225562969821387,1.006969698232176,0.10113404661174419,0.15378717507266296,0.10474196753894979,-0.8657064903224292,-0.5693088549353374,-0.7695757515784656,0.3866511398893837,0.569146558594444,0.4415515935005083,False,False,False
C(Region)[T.Pays-de-la-Loire],1.0282795576313033,1.033288993179581,1.0048716669616746,0.10084783479845973,0.15335195362437642,0.1044770228021017,0.27652624709257456,0.18185013379442957,0.31343649730672973,0.7821439029994399,0.8557003393291809,0.7539490593025859,False,False,False
C(Region)[T.Picardie],1.0948939313676,1.107250617874587,1.011285738419933,0.11117667847007517,0.1690582735358397,0.11514523237712161,0.8154362362072284,0.5362499589612825,0.8847958334358873,0.4148226495288345,0.5917858099607394,0.376266757082941,False,False,False
C(Region)[T.Poitou-Charentes],0.9735578571573725,0.9795853643389305,1.0061912162048152,0.10432204430803342,0.15863493086090555,0.10801513534063761,-0.25687786321108297,-0.16892889656917126,-0.19095374362916218,0.7972730598982276,0.8658525696560915,0.8485618334573206,False,False,False
C(Region)[T.Provence-Alpes-Cotes-D'Azur],0.9910165479310696,0.9963746866562111,1.0054067096420616,0.0992862801720504,0.15097741129404657,0.10286883005813063,-0.09088915971995837,-0.05977083922165425,-0.035306134188942954,0.9275806638302309,0.9523381509690416,0.9718356320064674,False,False,False
C(Region)[T.Rhone-Alpes],1.1008605061405616,1.1099322147161972,1.008240561383603,0.09895914882429298,0.1504799664914821,0.10254372157656362,0.9710284843329309,0.6385710638709469,1.0171168359479472,0.33153409437972137,0.523102010413494,0.3090978520737635,False,False,False
LogDensity,1.0285500119506141,1.0276119622956326,0.9990879882902315,0.014100438585448979,0.021441509461858722,0.01452976548723246,1.996395705328648,1.3128765530857558,1.8746088650703958,0.04589086791853347,0.1892245488489599,0.06084655269560679,True,False,False
